P000708064,ART 213 01,Art History and Humanities,20182,P000252963,Jennifer,Gill,gill@hood.edu,gill,NULL
P000708064,ART 331B 01,Mus Sites Cities: Castles/Crowns-Eng/Scot,20182,P000681255,Tina,Shaffer,shaffer@hood.edu,shaffer,NULL
P000708064,AFAM 251 01,The African Diaspora,20182,P000662093,Melissa,Harmon,harmon@hood.edu,harmon,NULL
P000708064,BIFX 546 01,Knowledge Reasoning/Machine Learning,20182,P000066709,Anthony,Patterson,patterson@hood.edu,patterson,NULL
P000272561,ART 213 01,Art History and Humanities,20182,P000252963,Jennifer,Gill,gill@hood.edu,gill,NULL
P000272561,ART 213 01,Art History and Humanities,20182,P000252963,Jennifer,Gill,gill@hood.edu,gill,NULL
P000272561,ART 213 01,Art History and Humanities,20182,P000252963,Jennifer,Gill,gill@hood.edu,gill,NULL
P000272561,ARTS 564 01,Aesthetics and Criticism,20182,P000825275,Julie,Burgess,burgess@hood.edu,burgess,NULL
P000172003,BIFX 547 01,Web-based BIFX & Apps in Life Sciences,20182,P000057539,Jimmy,Smith,smith@hood.edu,smith,NULL
P000172003,BIFX 501 01,Foundation in Life Sciences,20182,P000168651,Teresa,Jackson,jackson@hood.edu,jackson,NULL
P000172003,ART 213 01,Art History and Humanities,20182,P000252963,Jennifer,Gill,gill@hood.edu,gill,NULL
P000172003,BIFX 551 01,Programming for Bioinformatics,20182,P000153880,Jacqueline,Webb,webb@hood.edu,webb,NULL
P000606724,ARTS 564 01,Aesthetics and Criticism,20182,P000825275,Julie,Burgess,burgess@hood.edu,burgess,NULL
P000606724,ART 220 01,History of Art I,20182,P000687947,Lisa,Baldwin,baldwin@hood.edu,baldwin,NULL
P000606724,ART 213 01,Art History and Humanities,20182,P000252963,Jennifer,Gill,gill@hood.edu,gill,NULL
P000606724,BIFX 550 01,Nucleic Acid Seq Analy/Protein Modeling,20182,P000711803,April,Gross,gross@hood.edu,gross,NULL
P000606724,ASL 102 01,American Sign Language II,20182,P000313820,Heidi,Booker,booker@hood.edu,booker,NULL
P000619548,ART 250 01,Art of Asia,20182,P000917763,Cindy,Perez,perez@hood.edu,perez,NULL
P000619548,ARTS 564 01,Aesthetics and Criticism,20182,P000825275,Julie,Burgess,burgess@hood.edu,burgess,NULL
P000619548,ART 299G 01,Special Topic: Art of Three Faiths,20182,P000812837,Charles,Graham,graham@hood.edu,graham,NULL
P000619548,ARAB 202 01,Intermediate Arabic II,20182,P000662093,Melissa,Harmon,harmon@hood.edu,harmon,NULL
P000619548,ARTS 564 01,Aesthetics and Criticism,20182,P000825275,Julie,Burgess,burgess@hood.edu,burgess,NULL
P000020974,ARTS 564 01,Aesthetics and Criticism,20182,P000825275,Julie,Burgess,burgess@hood.edu,burgess,NULL
P000020974,BIFX 545 01,Leadership Skills/Proj Mgmt in Life Science,20182,P000313820,Heidi,Booker,booker@hood.edu,booker,NULL
P000020974,ART 299G 01,Special Topic: Art of Three Faiths,20182,P000812837,Charles,Graham,graham@hood.edu,graham,NULL
P000020974,BIFX 551 01,Programming for Bioinformatics,20182,P000153880,Jacqueline,Webb,webb@hood.edu,webb,NULL
P000020974,BIFX 547 01,Web-based BIFX & Apps in Life Sciences,20182,P000057539,Jimmy,Smith,smith@hood.edu,smith,NULL
P000303569,ARAB 202 01,Intermediate Arabic II,20182,P000662093,Melissa,Harmon,harmon@hood.edu,harmon,NULL
P000303569,AFAM 251 01,The African Diaspora,20182,P000662093,Melissa,Harmon,harmon@hood.edu,harmon,NULL
P000303569,ART 308 01,Myths Saints and Symbols,20182,P000711803,April,Gross,gross@hood.edu,gross,NULL
P000303569,BIFX 550 01,Nucleic Acid Seq Analy/Protein Modeling,20182,P000711803,April,Gross,gross@hood.edu,gross,NULL
P000327018,BIFX 546 01,Knowledge Reasoning/Machine Learning,20182,P000066709,Anthony,Patterson,patterson@hood.edu,patterson,NULL
P000327018,BIFX 550 01,Nucleic Acid Seq Analy/Protein Modeling,20182,P000711803,April,Gross,gross@hood.edu,gross,NULL
P000327018,ARAB 102 01,Elementary Arabic II,20182,P000434632,Emily,Coleman,coleman@hood.edu,coleman,NULL
P000327018,ARTS 564 01,Aesthetics and Criticism,20182,P000825275,Julie,Burgess,burgess@hood.edu,burgess,NULL
P000327018,BIFX 546 01,Knowledge Reasoning/Machine Learning,20182,P000066709,Anthony,Patterson,patterson@hood.edu,patterson,NULL
P000404872,ANTH 201 01,Introduction to Anthropology,20182,P000252963,Jennifer,Gill,gill@hood.edu,gill,NULL
P000404872,ARAB 202 01,Intermediate Arabic II,20182,P000662093,Melissa,Harmon,harmon@hood.edu,harmon,NULL
P000404872,ARAB 105 01,Arabic Conversation,20182,P000168651,Teresa,Jackson,jackson@hood.edu,jackson,NULL
P000404872,AFAM 251 01,The African Diaspora,20182,P000662093,Melissa,Harmon,harmon@hood.edu,harmon,NULL
P000404872,AFAM 251 01,The African Diaspora,20182,P000662093,Melissa,Harmon,harmon@hood.edu,harmon,NULL
P000824497,ART 308 01,Myths Saints and Symbols,20182,P000711803,April,Gross,gross@hood.edu,gross,NULL
P000824497,ART 250 01,Art of Asia,20182,P000917763,Cindy,Perez,perez@hood.edu,perez,NULL
P000824497,BIFX 546 01,Knowledge Reasoning/Machine Learning,20182,P000066709,Anthony,Patterson,patterson@hood.edu,patterson,NULL
P000824497,ART 306 01,Writing for Art and Archaeology,20182,P000263439,Kevin,Avery,avery@hood.edu,avery,NULL
P000016634,ART 213 01,Art History and Humanities,20182,P000252963,Jennifer,Gill,gill@hood.edu,gill,NULL
P000016634,BIFX 546 01,Knowledge Reasoning/Machine Learning,20182,P000066709,Anthony,Patterson,patterson@hood.edu,patterson,NULL
P000016634,BIFX 501 01,Foundation in Life Sciences,20182,P000168651,Teresa,Jackson,jackson@hood.edu,jackson,NULL
P000016634,AFPS 240 01,African American Politics,20182,P000153880,Jacqueline,Webb,webb@hood.edu,webb,NULL
P000016634,BIFX 501 01,Foundation in Life Sciences,20182,P000168651,Teresa,Jackson,jackson@hood.edu,jackson,NULL
P000957381,BIFX 551 01,Programming for Bioinformatics,20182,P000153880,Jacqueline,Webb,webb@hood.edu,webb,NULL
P000957381,ART 250 01,Art of Asia,20182,P000917763,Cindy,Perez,perez@hood.edu,perez,NULL
P000957381,ARLS 354 01,Mesoamerican Art and Archaeology,20182,P000057539,Jimmy,Smith,smith@hood.edu,smith,NULL
P000957381,BIFX 546 01,Knowledge Reasoning/Machine Learning,20182,P000066709,Anthony,Patterson,patterson@hood.edu,patterson,NULL
P000932721,ARAB 102 01,Elementary Arabic II,20182,P000434632,Emily,Coleman,coleman@hood.edu,coleman,NULL
P000932721,ART 299G 01,Special Topic: Art of Three Faiths,20182,P000812837,Charles,Graham,graham@hood.edu,graham,NULL
P000932721,ARTS 564 01,Aesthetics and Criticism,20182,P000825275,Julie,Burgess,burgess@hood.edu,burgess,NULL
P000932721,ASL 102 01,American Sign Language II,20182,P000313820,Heidi,Booker,booker@hood.edu,booker,NULL
P000065667,AFHS 251 01,Race and Racism in the United States,20182,P000917763,Cindy,Perez,perez@hood.edu,perez,NULL
P000065667,ART 331B 01,Mus Sites Cities: Castles/Crowns-Eng/Scot,20182,P000681255,Tina,Shaffer,shaffer@hood.edu,shaffer,NULL
P000065667,ART 213 01,Art History and Humanities,20182,P000252963,Jennifer,Gill,gill@hood.edu,gill,NULL
P000065667,ART 331B 01,Mus Sites Cities: Castles/Crowns-Eng/Scot,20182,P000681255,Tina,Shaffer,shaffer@hood.edu,shaffer,NULL
P000558953,BIFX 546 01,Knowledge Reasoning/Machine Learning,20182,P000066709,Anthony,Patterson,patterson@hood.edu,patterson,NULL
P000558953,BIFX 545 01,Leadership Skills/Proj Mgmt in Life Science,20182,P000313820,Heidi,Booker,booker@hood.edu,booker,NULL
P000558953,AFPS 240 01,African American Politics,20182,P000153880,Jacqueline,Webb,webb@hood.edu,webb,NULL
P000558953,ART 306 01,Writing for Art and Archaeology,20182,P000263439,Kevin,Avery,avery@hood.edu,avery,NULL
P000552189,ARTS 564 01,Aesthetics and Criticism,20182,P000825275,Julie,Burgess,burgess@hood.edu,burgess,NULL
P000552189,BIFX 550 01,Nucleic Acid Seq Analy/Protein Modeling,20182,P000711803,April,Gross,gross@hood.edu,gross,NULL
P000552189,BIFX 550 01,Nucleic Acid Seq Analy/Protein Modeling,20182,P000711803,April,Gross,gross@hood.edu,gross,NULL
P000552189,ART 331B 01,Mus Sites Cities: Castles/Crowns-Eng/Scot,20182,P000681255,Tina,Shaffer,shaffer@hood.edu,shaffer,NULL
P000552189,ART 250 01,Art of Asia,20182,P000917763,Cindy,Perez,perez@hood.edu,perez,NULL
P000255103,BIFX 546 01,Knowledge Reasoning/Machine Learning,20182,P000066709,Anthony,Patterson,patterson@hood.edu,patterson,NULL
P000255103,BIFX 545 01,Leadership Skills/Proj Mgmt in Life Science,20182,P000313820,Heidi,Booker,booker@hood.edu,booker,NULL
P000255103,ART 220 01,History of Art I,20182,P000687947,Lisa,Baldwin,baldwin@hood.edu,baldwin,NULL
P000255103,ART 220 01,History of Art I,20182,P000687947,Lisa,Baldwin,baldwin@hood.edu,baldwin,NULL
P000255103,ART 213 01,Art History and Humanities,20182,P000252963,Jennifer,Gill,gill@hood.edu,gill,NULL
P000574335,ART 331B 01,Mus Sites Cities: Castles/Crowns-Eng/Scot,20182,P000681255,Tina,Shaffer,shaffer@hood.edu,shaffer,NULL
P000574335,ARAB 102 01,Elementary Arabic II,20182,P000434632,Emily,Coleman,coleman@hood.edu,coleman,NULL
P000574335,ART 308 01,Myths Saints and Symbols,20182,P000711803,April,Gross,gross@hood.edu,gross,NULL
P000574335,BIFX 551 01,Programming for Bioinformatics,20182,P000153880,Jacqueline,Webb,webb@hood.edu,webb,NULL
P000809239,ARLS 354 01,Mesoamerican Art and Archaeology,20182,P000057539,Jimmy,Smith,smith@hood.edu,smith,NULL
P000809239,ARAB 102 01,Elementary Arabic II,20182,P000434632,Emily,Coleman,coleman@hood.edu,coleman,NULL
P000809239,BIFX 501 01,Foundation in Life Sciences,20182,P000168651,Teresa,Jackson,jackson@hood.edu,jackson,NULL
P000809239,BIFX 551 01,Programming for Bioinformatics,20182,P000153880,Jacqueline,Webb,webb@hood.edu,webb,NULL
P000809239,BIFX 551 01,Programming for Bioinformatics,20182,P000153880,Jacqueline,Webb,webb@hood.edu,webb,NULL
P000193442,ARTS 564 01,Aesthetics and Criticism,20182,P000825275,Julie,Burgess,burgess@hood.edu,burgess,NULL
P000193442,AFAM 251 01,The African Diaspora,20182,P000662093,Melissa,Harmon,harmon@hood.edu,harmon,NULL
P000193442,ARTS 564 01,Aesthetics and Criticism,20182,P000825275,Julie,Burgess,burgess@hood.edu,burgess,NULL
P000193442,BIFX 501 01,Foundation in Life Sciences,20182,P000168651,Teresa,Jackson,jackson@hood.edu,jackson,NULL
P000492625,ART 360 01,Nineteenth Century Art,20182,P000812837,Charles,Graham,graham@hood.edu,graham,NULL
P000492625,ART 220 01,History of Art I,20182,P000687947,Lisa,Baldwin,baldwin@hood.edu,baldwin,NULL
P000492625,ASL 101 01,American Sign Language I,20182,P000531028,Michele,Shelton,shelton@hood.edu,shelton,NULL
P000492625,BIFX 547 01,Web-based BIFX & Apps in Life Sciences,20182,P000057539,Jimmy,Smith,smith@hood.edu,smith,NULL
P000183400,ART 250 01,Art of Asia,20182,P000917763,Cindy,Perez,perez@hood.edu,perez,NULL
P000183400,BIFX 546 01,Knowledge Reasoning/Machine Learning,20182,P000066709,Anthony,Patterson,patterson@hood.edu,patterson,NULL
P000183400,ART 306 01,Writing for Art and Archaeology,20182,P000263439,Kevin,Avery,avery@hood.edu,avery,NULL
P000183400,ART 360 01,Nineteenth Century Art,20182,P000812837,Charles,Graham,graham@hood.edu,graham,NULL
P000774703,ART 220 01,History of Art I,20182,P000687947,Lisa,Baldwin,baldwin@hood.edu,baldwin,NULL
P000774703,ANTH 201 01,Introduction to Anthropology,20182,P000252963,Jennifer,Gill,gill@hood.edu,gill,NULL
P000774703,BIFX 501 01,Foundation in Life Sciences,20182,P000168651,Teresa,Jackson,jackson@hood.edu,jackson,NULL
P000774703,ASL 101 01,American Sign Language I,20182,P000531028,Michele,Shelton,shelton@hood.edu,shelton,NULL
P000969594,BIFX 545 01,Leadership Skills/Proj Mgmt in Life Science,20182,P000313820,Heidi,Booker,booker@hood.edu,booker,NULL
P000969594,ART 220 01,History of Art I,20182,P000687947,Lisa,Baldwin,baldwin@hood.edu,baldwin,NULL
P000969594,ASL 102 01,American Sign Language II,20182,P000313820,Heidi,Booker,booker@hood.edu,booker,NULL
P000969594,ARAB 102 01,Elementary Arabic II,20182,P000434632,Emily,Coleman,coleman@hood.edu,coleman,NULL
P000008533,ARAB 202 01,Intermediate Arabic II,20182,P000662093,Melissa,Harmon,harmon@hood.edu,harmon,NULL
P000008533,ART 360 01,Nineteenth Century Art,20182,P000812837,Charles,Graham,graham@hood.edu,graham,NULL
P000008533,ART 250 01,Art of Asia,20182,P000917763,Cindy,Perez,perez@hood.edu,perez,NULL
P000008533,ART 299G 01,Special Topic: Art of Three Faiths,20182,P000812837,Charles,Graham,graham@hood.edu,graham,NULL
P000996869,ART 220 01,History of Art I,20182,P000687947,Lisa,Baldwin,baldwin@hood.edu,baldwin,NULL
P000996869,BIFX 547 01,Web-based BIFX & Apps in Life Sciences,20182,P000057539,Jimmy,Smith,smith@hood.edu,smith,NULL
P000996869,BIFX 547 01,Web-based BIFX & Apps in Life Sciences,20182,P000057539,Jimmy,Smith,smith@hood.edu,smith,NULL
P000996869,ART 213 01,Art History and Humanities,20182,P000252963,Jennifer,Gill,gill@hood.edu,gill,NULL
P000996869,ART 306 01,Writing for Art and Archaeology,20182,P000263439,Kevin,Avery,avery@hood.edu,avery,NULL
P000321206,ASL 102 01,American Sign Language II,20182,P000313820,Heidi,Booker,booker@hood.edu,booker,NULL
P000321206,ART 213 01,Art History and Humanities,20182,P000252963,Jennifer,Gill,gill@hood.edu,gill,NULL
P000321206,ARAB 102 01,Elementary Arabic II,20182,P000434632,Emily,Coleman,coleman@hood.edu,coleman,NULL
P000321206,ART 360 01,Nineteenth Century Art,20182,P000812837,Charles,Graham,graham@hood.edu,graham,NULL
P000778694,ART 331B 01,Mus Sites Cities: Castles/Crowns-Eng/Scot,20182,P000681255,Tina,Shaffer,shaffer@hood.edu,shaffer,NULL
P000778694,BIFX 550 01,Nucleic Acid Seq Analy/Protein Modeling,20182,P000711803,April,Gross,gross@hood.edu,gross,NULL
P000778694,ARLS 354 01,Mesoamerican Art and Archaeology,20182,P000057539,Jimmy,Smith,smith@hood.edu,smith,NULL
P000778694,ART 308 01,Myths Saints and Symbols,20182,P000711803,April,Gross,gross@hood.edu,gross,NULL
P000778694,ART 220 01,History of Art I,20182,P000687947,Lisa,Baldwin,baldwin@hood.edu,baldwin,NULL
P000003659,BIFX 551 01,Programming for Bioinformatics,20182,P000153880,Jacqueline,Webb,webb@hood.edu,webb,NULL
P000003659,AFAM 251 01,The African Diaspora,20182,P000662093,Melissa,Harmon,harmon@hood.edu,harmon,NULL
P000003659,BIFX 546 01,Knowledge Reasoning/Machine Learning,20182,P000066709,Anthony,Patterson,patterson@hood.edu,patterson,NULL
P000003659,ART 360 01,Nineteenth Century Art,20182,P000812837,Charles,Graham,graham@hood.edu,graham,NULL
P000003659,BIFX 547 01,Web-based BIFX & Apps in Life Sciences,20182,P000057539,Jimmy,Smith,smith@hood.edu,smith,NULL
P000634649,AFPS 240 01,African American Politics,20182,P000153880,Jacqueline,Webb,webb@hood.edu,webb,NULL
P000634649,BIFX 546 01,Knowledge Reasoning/Machine Learning,20182,P000066709,Anthony,Patterson,patterson@hood.edu,patterson,NULL
P000634649,ARAB 202 01,Intermediate Arabic II,20182,P000662093,Melissa,Harmon,harmon@hood.edu,harmon,NULL
P000634649,BIFX 546 01,Knowledge Reasoning/Machine Learning,20182,P000066709,Anthony,Patterson,patterson@hood.edu,patterson,NULL
P000333795,ART 220 01,History of Art I,20182,P000687947,Lisa,Baldwin,baldwin@hood.edu,baldwin,NULL
P000333795,ART 308 01,Myths Saints and Symbols,20182,P000711803,April,Gross,gross@hood.edu,gross,NULL
P000333795,BIFX 546 01,Knowledge Reasoning/Machine Learning,20182,P000066709,Anthony,Patterson,patterson@hood.edu,patterson,NULL
P000333795,ASL 101 01,American Sign Language I,20182,P000531028,Michele,Shelton,shelton@hood.edu,shelton,NULL
P000226688,BIFX 551 01,Programming for Bioinformatics,20182,P000153880,Jacqueline,Webb,webb@hood.edu,webb,NULL
P000226688,ARAB 202 01,Intermediate Arabic II,20182,P000662093,Melissa,Harmon,harmon@hood.edu,harmon,NULL
P000226688,ASL 101 01,American Sign Language I,20182,P000531028,Michele,Shelton,shelton@hood.edu,shelton,NULL
P000226688,BIFX 546 01,Knowledge Reasoning/Machine Learning,20182,P000066709,Anthony,Patterson,patterson@hood.edu,patterson,NULL
P000226688,ARLS 354 01,Mesoamerican Art and Archaeology,20182,P000057539,Jimmy,Smith,smith@hood.edu,smith,NULL
P000718691,ANTH 201 01,Introduction to Anthropology,20182,P000252963,Jennifer,Gill,gill@hood.edu,gill,NULL
P000718691,ART 331B 01,Mus Sites Cities: Castles/Crowns-Eng/Scot,20182,P000681255,Tina,Shaffer,shaffer@hood.edu,shaffer,NULL
P000718691,BIFX 551 01,Programming for Bioinformatics,20182,P000153880,Jacqueline,Webb,webb@hood.edu,webb,NULL
P000718691,BIFX 545 01,Leadership Skills/Proj Mgmt in Life Science,20182,P000313820,Heidi,Booker,booker@hood.edu,booker,NULL
P000258692,ASL 102 01,American Sign Language II,20182,P000313820,Heidi,Booker,booker@hood.edu,booker,NULL
P000258692,ARAB 102 01,Elementary Arabic II,20182,P000434632,Emily,Coleman,coleman@hood.edu,coleman,NULL
P000258692,ART 213 01,Art History and Humanities,20182,P000252963,Jennifer,Gill,gill@hood.edu,gill,NULL
P000258692,BIFX 551 01,Programming for Bioinformatics,20182,P000153880,Jacqueline,Webb,webb@hood.edu,webb,NULL
P000592107,BIFX 551 01,Programming for Bioinformatics,20182,P000153880,Jacqueline,Webb,webb@hood.edu,webb,NULL
P000592107,AFPS 240 01,African American Politics,20182,P000153880,Jacqueline,Webb,webb@hood.edu,webb,NULL
P000592107,BIFX 550 01,Nucleic Acid Seq Analy/Protein Modeling,20182,P000711803,April,Gross,gross@hood.edu,gross,NULL
P000592107,BIFX 550 01,Nucleic Acid Seq Analy/Protein Modeling,20182,P000711803,April,Gross,gross@hood.edu,gross,NULL
P000636327,ART 331B 01,Mus Sites Cities: Castles/Crowns-Eng/Scot,20182,P000681255,Tina,Shaffer,shaffer@hood.edu,shaffer,NULL
P000636327,BIFX 546 01,Knowledge Reasoning/Machine Learning,20182,P000066709,Anthony,Patterson,patterson@hood.edu,patterson,NULL
P000636327,ART 331B 01,Mus Sites Cities: Castles/Crowns-Eng/Scot,20182,P000681255,Tina,Shaffer,shaffer@hood.edu,shaffer,NULL
P000636327,AFAM 251 01,The African Diaspora,20182,P000662093,Melissa,Harmon,harmon@hood.edu,harmon,NULL
P000434604,ART 331B 01,Mus Sites Cities: Castles/Crowns-Eng/Scot,20182,P000681255,Tina,Shaffer,shaffer@hood.edu,shaffer,NULL
P000434604,BIFX 545 01,Leadership Skills/Proj Mgmt in Life Science,20182,P000313820,Heidi,Booker,booker@hood.edu,booker,NULL
P000434604,BIFX 501 01,Foundation in Life Sciences,20182,P000168651,Teresa,Jackson,jackson@hood.edu,jackson,NULL
P000434604,BIFX 546 01,Knowledge Reasoning/Machine Learning,20182,P000066709,Anthony,Patterson,patterson@hood.edu,patterson,NULL
P000434604,ART 308 01,Myths Saints and Symbols,20182,P000711803,April,Gross,gross@hood.edu,gross,NULL
P000335733,BIFX 546 01,Knowledge Reasoning/Machine Learning,20182,P000066709,Anthony,Patterson,patterson@hood.edu,patterson,NULL
P000335733,ASL 102 01,American Sign Language II,20182,P000313820,Heidi,Booker,booker@hood.edu,booker,NULL
P000335733,ART 220 01,History of Art I,20182,P000687947,Lisa,Baldwin,baldwin@hood.edu,baldwin,NULL
P000335733,ART 220 01,History of Art I,20182,P000687947,Lisa,Baldwin,baldwin@hood.edu,baldwin,NULL
P000873748,AFAM 251 01,The African Diaspora,20182,P000662093,Melissa,Harmon,harmon@hood.edu,harmon,NULL
P000873748,ART 306 01,Writing for Art and Archaeology,20182,P000263439,Kevin,Avery,avery@hood.edu,avery,NULL
P000873748,ART 221 01,History of Art II,20182,P000681255,Tina,Shaffer,shaffer@hood.edu,shaffer,NULL
P000873748,ARAB 105 01,Arabic Conversation,20182,P000168651,Teresa,Jackson,jackson@hood.edu,jackson,NULL
P000873748,ART 308 01,Myths Saints and Symbols,20182,P000711803,April,Gross,gross@hood.edu,gross,NULL
P000632112,ASL 102 01,American Sign Language II,20182,P000313820,Heidi,Booker,booker@hood.edu,booker,NULL
P000632112,ART 308 01,Myths Saints and Symbols,20182,P000711803,April,Gross,gross@hood.edu,gross,NULL
P000632112,ART 213 01,Art History and Humanities,20182,P000252963,Jennifer,Gill,gill@hood.edu,gill,NULL
P000632112,ARAB 202 01,Intermediate Arabic II,20182,P000662093,Melissa,Harmon,harmon@hood.edu,harmon,NULL
P000092675,ART 250 01,Art of Asia,20182,P000917763,Cindy,Perez,perez@hood.edu,perez,NULL
P000092675,AFAM 251 01,The African Diaspora,20182,P000662093,Melissa,Harmon,harmon@hood.edu,harmon,NULL
P000092675,ART 213 01,Art History and Humanities,20182,P000252963,Jennifer,Gill,gill@hood.edu,gill,NULL
P000092675,BIFX 546 01,Knowledge Reasoning/Machine Learning,20182,P000066709,Anthony,Patterson,patterson@hood.edu,patterson,NULL
P000579288,ART 221 01,History of Art II,20182,P000681255,Tina,Shaffer,shaffer@hood.edu,shaffer,NULL
P000579288,BIFX 545 01,Leadership Skills/Proj Mgmt in Life Science,20182,P000313820,Heidi,Booker,booker@hood.edu,booker,NULL
P000579288,ART 331B 01,Mus Sites Cities: Castles/Crowns-Eng/Scot,20182,P000681255,Tina,Shaffer,shaffer@hood.edu,shaffer,NULL
P000579288,ARAB 102 01,Elementary Arabic II,20182,P000434632,Emily,Coleman,coleman@hood.edu,coleman,NULL
P000285050,ARTS 564 01,Aesthetics and Criticism,20182,P000825275,Julie,Burgess,burgess@hood.edu,burgess,NULL
P000285050,ART 220 01,History of Art I,20182,P000687947,Lisa,Baldwin,baldwin@hood.edu,baldwin,NULL
P000285050,ARLS 354 01,Mesoamerican Art and Archaeology,20182,P000057539,Jimmy,Smith,smith@hood.edu,smith,NULL
P000285050,ARAB 105 01,Arabic Conversation,20182,P000168651,Teresa,Jackson,jackson@hood.edu,jackson,NULL
P000285050,ARLS 354 01,Mesoamerican Art and Archaeology,20182,P000057539,Jimmy,Smith,smith@hood.edu,smith,NULL
P000447807,ARAB 105 01,Arabic Conversation,20182,P000168651,Teresa,Jackson,jackson@hood.edu,jackson,NULL
P000447807,BIFX 547 01,Web-based BIFX & Apps in Life Sciences,20182,P000057539,Jimmy,Smith,smith@hood.edu,smith,NULL
P000447807,ARLS 354 01,Mesoamerican Art and Archaeology,20182,P000057539,Jimmy,Smith,smith@hood.edu,smith,NULL
P000447807,ART 220 01,History of Art I,20182,P000687947,Lisa,Baldwin,baldwin@hood.edu,baldwin,NULL
P000000776,ARAB 105 01,Arabic Conversation,20182,P000168651,Teresa,Jackson,jackson@hood.edu,jackson,NULL
P000000776,ART 306 01,Writing for Art and Archaeology,20182,P000263439,Kevin,Avery,avery@hood.edu,avery,NULL
P000000776,BIFX 501 01,Foundation in Life Sciences,20182,P000168651,Teresa,Jackson,jackson@hood.edu,jackson,NULL
P000000776,ARAB 105 01,Arabic Conversation,20182,P000168651,Teresa,Jackson,jackson@hood.edu,jackson,NULL
P000396593,AFPS 240 01,African American Politics,20182,P000153880,Jacqueline,Webb,webb@hood.edu,webb,NULL
P000396593,BIFX 501 01,Foundation in Life Sciences,20182,P000168651,Teresa,Jackson,jackson@hood.edu,jackson,NULL
P000396593,ART 331B 01,Mus Sites Cities: Castles/Crowns-Eng/Scot,20182,P000681255,Tina,Shaffer,shaffer@hood.edu,shaffer,NULL
P000396593,BIFX 550 01,Nucleic Acid Seq Analy/Protein Modeling,20182,P000711803,April,Gross,gross@hood.edu,gross,NULL
P000396593,ARAB 105 01,Arabic Conversation,20182,P000168651,Teresa,Jackson,jackson@hood.edu,jackson,NULL
P000582886,AFHS 251 01,Race and Racism in the United States,20182,P000917763,Cindy,Perez,perez@hood.edu,perez,NULL
P000582886,AFPS 240 01,African American Politics,20182,P000153880,Jacqueline,Webb,webb@hood.edu,webb,NULL
P000582886,ART 306 01,Writing for Art and Archaeology,20182,P000263439,Kevin,Avery,avery@hood.edu,avery,NULL
P000582886,ART 308 01,Myths Saints and Symbols,20182,P000711803,April,Gross,gross@hood.edu,gross,NULL
P000582886,ART 213 01,Art History and Humanities,20182,P000252963,Jennifer,Gill,gill@hood.edu,gill,NULL
P000752193,ARTS 564 01,Aesthetics and Criticism,20182,P000825275,Julie,Burgess,burgess@hood.edu,burgess,NULL
P000752193,ART 360 01,Nineteenth Century Art,20182,P000812837,Charles,Graham,graham@hood.edu,graham,NULL
P000752193,BIFX 501 01,Foundation in Life Sciences,20182,P000168651,Teresa,Jackson,jackson@hood.edu,jackson,NULL
P000752193,BIFX 550 01,Nucleic Acid Seq Analy/Protein Modeling,20182,P000711803,April,Gross,gross@hood.edu,gross,NULL
P000752193,BIFX 550 01,Nucleic Acid Seq Analy/Protein Modeling,20182,P000711803,April,Gross,gross@hood.edu,gross,NULL
P000060791,ART 213 01,Art History and Humanities,20182,P000252963,Jennifer,Gill,gill@hood.edu,gill,NULL
P000060791,ARTS 564 01,Aesthetics and Criticism,20182,P000825275,Julie,Burgess,burgess@hood.edu,burgess,NULL
P000060791,BIFX 546 01,Knowledge Reasoning/Machine Learning,20182,P000066709,Anthony,Patterson,patterson@hood.edu,patterson,NULL
P000060791,ART 213 01,Art History and Humanities,20182,P000252963,Jennifer,Gill,gill@hood.edu,gill,NULL
P000169964,AFHS 251 01,Race and Racism in the United States,20182,P000917763,Cindy,Perez,perez@hood.edu,perez,NULL
P000169964,ARTS 564 01,Aesthetics and Criticism,20182,P000825275,Julie,Burgess,burgess@hood.edu,burgess,NULL
P000169964,ARLS 354 01,Mesoamerican Art and Archaeology,20182,P000057539,Jimmy,Smith,smith@hood.edu,smith,NULL
P000169964,BIFX 501 01,Foundation in Life Sciences,20182,P000168651,Teresa,Jackson,jackson@hood.edu,jackson,NULL
P000335085,ANTH 201 01,Introduction to Anthropology,20182,P000252963,Jennifer,Gill,gill@hood.edu,gill,NULL
P000335085,ART 299G 01,Special Topic: Art of Three Faiths,20182,P000812837,Charles,Graham,graham@hood.edu,graham,NULL
P000335085,ARLS 354 01,Mesoamerican Art and Archaeology,20182,P000057539,Jimmy,Smith,smith@hood.edu,smith,NULL
P000335085,ANTH 201 01,Introduction to Anthropology,20182,P000252963,Jennifer,Gill,gill@hood.edu,gill,NULL
P000737248,BIFX 550 01,Nucleic Acid Seq Analy/Protein Modeling,20182,P000711803,April,Gross,gross@hood.edu,gross,NULL
P000737248,ART 299G 01,Special Topic: Art of Three Faiths,20182,P000812837,Charles,Graham,graham@hood.edu,graham,NULL
P000737248,ASL 101 01,American Sign Language I,20182,P000531028,Michele,Shelton,shelton@hood.edu,shelton,NULL
P000737248,BIFX 551 01,Programming for Bioinformatics,20182,P000153880,Jacqueline,Webb,webb@hood.edu,webb,NULL
P000707137,ART 221 01,History of Art II,20182,P000681255,Tina,Shaffer,shaffer@hood.edu,shaffer,NULL
P000707137,ART 306 01,Writing for Art and Archaeology,20182,P000263439,Kevin,Avery,avery@hood.edu,avery,NULL
P000707137,ARAB 105 01,Arabic Conversation,20182,P000168651,Teresa,Jackson,jackson@hood.edu,jackson,NULL
P000707137,BIFX 547 01,Web-based BIFX & Apps in Life Sciences,20182,P000057539,Jimmy,Smith,smith@hood.edu,smith,NULL
P000993621,ANTH 201 01,Introduction to Anthropology,20182,P000252963,Jennifer,Gill,gill@hood.edu,gill,NULL
P000993621,BIFX 547 01,Web-based BIFX & Apps in Life Sciences,20182,P000057539,Jimmy,Smith,smith@hood.edu,smith,NULL
P000993621,BIFX 546 01,Knowledge Reasoning/Machine Learning,20182,P000066709,Anthony,Patterson,patterson@hood.edu,patterson,NULL
P000993621,ART 306 01,Writing for Art and Archaeology,20182,P000263439,Kevin,Avery,avery@hood.edu,avery,NULL
P000446060,AFPS 240 01,African American Politics,20182,P000153880,Jacqueline,Webb,webb@hood.edu,webb,NULL
P000446060,ART 250 01,Art of Asia,20182,P000917763,Cindy,Perez,perez@hood.edu,perez,NULL
P000446060,ART 220 01,History of Art I,20182,P000687947,Lisa,Baldwin,baldwin@hood.edu,baldwin,NULL
P000446060,ARTS 564 01,Aesthetics and Criticism,20182,P000825275,Julie,Burgess,burgess@hood.edu,burgess,NULL
P000555733,ART 299G 01,Special Topic: Art of Three Faiths,20182,P000812837,Charles,Graham,graham@hood.edu,graham,NULL
P000555733,BIFX 545 01,Leadership Skills/Proj Mgmt in Life Science,20182,P000313820,Heidi,Booker,booker@hood.edu,booker,NULL
P000555733,ART 308 01,Myths Saints and Symbols,20182,P000711803,April,Gross,gross@hood.edu,gross,NULL
P000555733,ARTS 564 01,Aesthetics and Criticism,20182,P000825275,Julie,Burgess,burgess@hood.edu,burgess,NULL
P000555733,ASL 101 01,American Sign Language I,20182,P000531028,Michele,Shelton,shelton@hood.edu,shelton,NULL
P000366797,ARAB 202 01,Intermediate Arabic II,20182,P000662093,Melissa,Harmon,harmon@hood.edu,harmon,NULL
P000366797,BIFX 547 01,Web-based BIFX & Apps in Life Sciences,20182,P000057539,Jimmy,Smith,smith@hood.edu,smith,NULL
P000366797,ART 213 01,Art History and Humanities,20182,P000252963,Jennifer,Gill,gill@hood.edu,gill,NULL
P000366797,ARAB 105 01,Arabic Conversation,20182,P000168651,Teresa,Jackson,jackson@hood.edu,jackson,NULL
P000576172,ARAB 105 01,Arabic Conversation,20182,P000168651,Teresa,Jackson,jackson@hood.edu,jackson,NULL
P000576172,ART 306 01,Writing for Art and Archaeology,20182,P000263439,Kevin,Avery,avery@hood.edu,avery,NULL
P000576172,ASL 101 01,American Sign Language I,20182,P000531028,Michele,Shelton,shelton@hood.edu,shelton,NULL
P000576172,ARAB 102 01,Elementary Arabic II,20182,P000434632,Emily,Coleman,coleman@hood.edu,coleman,NULL
P000072641,AFPS 240 01,African American Politics,20182,P000153880,Jacqueline,Webb,webb@hood.edu,webb,NULL
P000072641,BIFX 550 01,Nucleic Acid Seq Analy/Protein Modeling,20182,P000711803,April,Gross,gross@hood.edu,gross,NULL
P000072641,ART 213 01,Art History and Humanities,20182,P000252963,Jennifer,Gill,gill@hood.edu,gill,NULL
P000072641,ART 306 01,Writing for Art and Archaeology,20182,P000263439,Kevin,Avery,avery@hood.edu,avery,NULL
P000072641,ART 221 01,History of Art II,20182,P000681255,Tina,Shaffer,shaffer@hood.edu,shaffer,NULL
P000501792,AFPS 240 01,African American Politics,20182,P000153880,Jacqueline,Webb,webb@hood.edu,webb,NULL
P000501792,BIFX 551 01,Programming for Bioinformatics,20182,P000153880,Jacqueline,Webb,webb@hood.edu,webb,NULL
P000501792,ARAB 202 01,Intermediate Arabic II,20182,P000662093,Melissa,Harmon,harmon@hood.edu,harmon,NULL
P000501792,BIFX 551 01,Programming for Bioinformatics,20182,P000153880,Jacqueline,Webb,webb@hood.edu,webb,NULL
P000613910,ASL 101 01,American Sign Language I,20182,P000531028,Michele,Shelton,shelton@hood.edu,shelton,NULL
P000613910,ART 360 01,Nineteenth Century Art,20182,P000812837,Charles,Graham,graham@hood.edu,graham,NULL
P000613910,ASL 102 01,American Sign Language II,20182,P000313820,Heidi,Booker,booker@hood.edu,booker,NULL
P000613910,BIFX 550 01,Nucleic Acid Seq Analy/Protein Modeling,20182,P000711803,April,Gross,gross@hood.edu,gross,NULL
P000016975,ASL 101 01,American Sign Language I,20182,P000531028,Michele,Shelton,shelton@hood.edu,shelton,NULL
P000016975,ARAB 105 01,Arabic Conversation,20182,P000168651,Teresa,Jackson,jackson@hood.edu,jackson,NULL
P000016975,ASL 102 01,American Sign Language II,20182,P000313820,Heidi,Booker,booker@hood.edu,booker,NULL
P000016975,ARAB 105 01,Arabic Conversation,20182,P000168651,Teresa,Jackson,jackson@hood.edu,jackson,NULL
P000415045,ART 331B 01,Mus Sites Cities: Castles/Crowns-Eng/Scot,20182,P000681255,Tina,Shaffer,shaffer@hood.edu,shaffer,NULL
P000415045,BIFX 547 01,Web-based BIFX & Apps in Life Sciences,20182,P000057539,Jimmy,Smith,smith@hood.edu,smith,NULL
P000415045,ART 308 01,Myths Saints and Symbols,20182,P000711803,April,Gross,gross@hood.edu,gross,NULL
P000415045,ARAB 105 01,Arabic Conversation,20182,P000168651,Teresa,Jackson,jackson@hood.edu,jackson,NULL
P000415045,ART 331B 01,Mus Sites Cities: Castles/Crowns-Eng/Scot,20182,P000681255,Tina,Shaffer,shaffer@hood.edu,shaffer,NULL
P000139057,ASL 102 01,American Sign Language II,20182,P000313820,Heidi,Booker,booker@hood.edu,booker,NULL
P000139057,ART 220 01,History of Art I,20182,P000687947,Lisa,Baldwin,baldwin@hood.edu,baldwin,NULL
P000139057,ASL 102 01,American Sign Language II,20182,P000313820,Heidi,Booker,booker@hood.edu,booker,NULL
P000139057,ART 220 01,History of Art I,20182,P000687947,Lisa,Baldwin,baldwin@hood.edu,baldwin,NULL
P000139057,BIFX 546 01,Knowledge Reasoning/Machine Learning,20182,P000066709,Anthony,Patterson,patterson@hood.edu,patterson,NULL
P000600570,ARAB 202 01,Intermediate Arabic II,20182,P000662093,Melissa,Harmon,harmon@hood.edu,harmon,NULL
P000600570,BIFX 550 01,Nucleic Acid Seq Analy/Protein Modeling,20182,P000711803,April,Gross,gross@hood.edu,gross,NULL
P000600570,ART 331B 01,Mus Sites Cities: Castles/Crowns-Eng/Scot,20182,P000681255,Tina,Shaffer,shaffer@hood.edu,shaffer,NULL
P000600570,BIFX 547 01,Web-based BIFX & Apps in Life Sciences,20182,P000057539,Jimmy,Smith,smith@hood.edu,smith,NULL
P000449660,ART 250 01,Art of Asia,20182,P000917763,Cindy,Perez,perez@hood.edu,perez,NULL
P000449660,ART 250 01,Art of Asia,20182,P000917763,Cindy,Perez,perez@hood.edu,perez,NULL
P000449660,ART 250 01,Art of Asia,20182,P000917763,Cindy,Perez,perez@hood.edu,perez,NULL
P000449660,BIFX 501 01,Foundation in Life Sciences,20182,P000168651,Teresa,Jackson,jackson@hood.edu,jackson,NULL
P000766845,ANTH 201 01,Introduction to Anthropology,20182,P000252963,Jennifer,Gill,gill@hood.edu,gill,NULL
P000766845,ARAB 102 01,Elementary Arabic II,20182,P000434632,Emily,Coleman,coleman@hood.edu,coleman,NULL
P000766845,ART 331B 01,Mus Sites Cities: Castles/Crowns-Eng/Scot,20182,P000681255,Tina,Shaffer,shaffer@hood.edu,shaffer,NULL
P000766845,ART 213 01,Art History and Humanities,20182,P000252963,Jennifer,Gill,gill@hood.edu,gill,NULL
P000766845,ART 306 01,Writing for Art and Archaeology,20182,P000263439,Kevin,Avery,avery@hood.edu,avery,NULL
P000330275,AFAM 251 01,The African Diaspora,20182,P000662093,Melissa,Harmon,harmon@hood.edu,harmon,NULL
P000330275,ARAB 102 01,Elementary Arabic II,20182,P000434632,Emily,Coleman,coleman@hood.edu,coleman,NULL
P000330275,BIFX 545 01,Leadership Skills/Proj Mgmt in Life Science,20182,P000313820,Heidi,Booker,booker@hood.edu,booker,NULL
P000330275,ART 250 01,Art of Asia,20182,P000917763,Cindy,Perez,perez@hood.edu,perez,NULL
P000682092,ART 250 01,Art of Asia,20182,P000917763,Cindy,Perez,perez@hood.edu,perez,NULL
P000682092,AFHS 251 01,Race and Racism in the United States,20182,P000917763,Cindy,Perez,perez@hood.edu,perez,NULL
P000682092,ART 306 01,Writing for Art and Archaeology,20182,P000263439,Kevin,Avery,avery@hood.edu,avery,NULL
P000682092,BIFX 550 01,Nucleic Acid Seq Analy/Protein Modeling,20182,P000711803,April,Gross,gross@hood.edu,gross,NULL
P000682092,ART 306 01,Writing for Art and Archaeology,20182,P000263439,Kevin,Avery,avery@hood.edu,avery,NULL
P000093756,ANTH 201 01,Introduction to Anthropology,20182,P000252963,Jennifer,Gill,gill@hood.edu,gill,NULL
P000093756,ARTS 564 01,Aesthetics and Criticism,20182,P000825275,Julie,Burgess,burgess@hood.edu,burgess,NULL
P000093756,ART 308 01,Myths Saints and Symbols,20182,P000711803,April,Gross,gross@hood.edu,gross,NULL
P000093756,ART 306 01,Writing for Art and Archaeology,20182,P000263439,Kevin,Avery,avery@hood.edu,avery,NULL
P000657434,BIFX 550 01,Nucleic Acid Seq Analy/Protein Modeling,20182,P000711803,April,Gross,gross@hood.edu,gross,NULL
P000657434,ART 299G 01,Special Topic: Art of Three Faiths,20182,P000812837,Charles,Graham,graham@hood.edu,graham,NULL
P000657434,ART 331B 01,Mus Sites Cities: Castles/Crowns-Eng/Scot,20182,P000681255,Tina,Shaffer,shaffer@hood.edu,shaffer,NULL
P000657434,ART 299G 01,Special Topic: Art of Three Faiths,20182,P000812837,Charles,Graham,graham@hood.edu,graham,NULL
P000295569,ART 308 01,Myths Saints and Symbols,20182,P000711803,April,Gross,gross@hood.edu,gross,NULL
P000295569,ARAB 102 01,Elementary Arabic II,20182,P000434632,Emily,Coleman,coleman@hood.edu,coleman,NULL
P000295569,AFHS 251 01,Race and Racism in the United States,20182,P000917763,Cindy,Perez,perez@hood.edu,perez,NULL
P000295569,ARAB 105 01,Arabic Conversation,20182,P000168651,Teresa,Jackson,jackson@hood.edu,jackson,NULL
P000173653,ART 250 01,Art of Asia,20182,P000917763,Cindy,Perez,perez@hood.edu,perez,NULL
P000173653,ASL 102 01,American Sign Language II,20182,P000313820,Heidi,Booker,booker@hood.edu,booker,NULL
P000173653,ART 250 01,Art of Asia,20182,P000917763,Cindy,Perez,perez@hood.edu,perez,NULL
P000173653,ART 299G 01,Special Topic: Art of Three Faiths,20182,P000812837,Charles,Graham,graham@hood.edu,graham,NULL
P000173653,ART 299G 01,Special Topic: Art of Three Faiths,20182,P000812837,Charles,Graham,graham@hood.edu,graham,NULL
P000427310,ART 221 01,History of Art II,20182,P000681255,Tina,Shaffer,shaffer@hood.edu,shaffer,NULL
P000427310,ASL 102 01,American Sign Language II,20182,P000313820,Heidi,Booker,booker@hood.edu,booker,NULL
P000427310,BIFX 550 01,Nucleic Acid Seq Analy/Protein Modeling,20182,P000711803,April,Gross,gross@hood.edu,gross,NULL
P000427310,AFAM 251 01,The African Diaspora,20182,P000662093,Melissa,Harmon,harmon@hood.edu,harmon,NULL
P000797988,ART 250 01,Art of Asia,20182,P000917763,Cindy,Perez,perez@hood.edu,perez,NULL
P000797988,AFHS 251 01,Race and Racism in the United States,20182,P000917763,Cindy,Perez,perez@hood.edu,perez,NULL
P000797988,ARAB 102 01,Elementary Arabic II,20182,P000434632,Emily,Coleman,coleman@hood.edu,coleman,NULL
P000797988,BIFX 547 01,Web-based BIFX & Apps in Life Sciences,20182,P000057539,Jimmy,Smith,smith@hood.edu,smith,NULL
P000116094,ART 360 01,Nineteenth Century Art,20182,P000812837,Charles,Graham,graham@hood.edu,graham,NULL
P000116094,AFPS 240 01,African American Politics,20182,P000153880,Jacqueline,Webb,webb@hood.edu,webb,NULL
P000116094,ARAB 102 01,Elementary Arabic II,20182,P000434632,Emily,Coleman,coleman@hood.edu,coleman,NULL
P000116094,ARLS 354 01,Mesoamerican Art and Archaeology,20182,P000057539,Jimmy,Smith,smith@hood.edu,smith,NULL
P000334208,ARTS 564 01,Aesthetics and Criticism,20182,P000825275,Julie,Burgess,burgess@hood.edu,burgess,NULL
P000334208,ARAB 202 01,Intermediate Arabic II,20182,P000662093,Melissa,Harmon,harmon@hood.edu,harmon,NULL
P000334208,ANTH 201 01,Introduction to Anthropology,20182,P000252963,Jennifer,Gill,gill@hood.edu,gill,NULL
P000334208,AFAM 251 01,The African Diaspora,20182,P000662093,Melissa,Harmon,harmon@hood.edu,harmon,NULL
P000670122,ART 306 01,Writing for Art and Archaeology,20182,P000263439,Kevin,Avery,avery@hood.edu,avery,NULL
P000670122,ART 299G 01,Special Topic: Art of Three Faiths,20182,P000812837,Charles,Graham,graham@hood.edu,graham,NULL
P000670122,ANTH 201 01,Introduction to Anthropology,20182,P000252963,Jennifer,Gill,gill@hood.edu,gill,NULL
P000670122,ARAB 105 01,Arabic Conversation,20182,P000168651,Teresa,Jackson,jackson@hood.edu,jackson,NULL
P000670122,ARAB 102 01,Elementary Arabic II,20182,P000434632,Emily,Coleman,coleman@hood.edu,coleman,NULL
P000379871,ARAB 105 01,Arabic Conversation,20182,P000168651,Teresa,Jackson,jackson@hood.edu,jackson,NULL
P000379871,ART 360 01,Nineteenth Century Art,20182,P000812837,Charles,Graham,graham@hood.edu,graham,NULL
P000379871,BIFX 551 01,Programming for Bioinformatics,20182,P000153880,Jacqueline,Webb,webb@hood.edu,webb,NULL
P000379871,ASL 102 01,American Sign Language II,20182,P000313820,Heidi,Booker,booker@hood.edu,booker,NULL
P000292852,ART 299G 01,Special Topic: Art of Three Faiths,20182,P000812837,Charles,Graham,graham@hood.edu,graham,NULL
P000292852,ARAB 105 01,Arabic Conversation,20182,P000168651,Teresa,Jackson,jackson@hood.edu,jackson,NULL
P000292852,AFAM 251 01,The African Diaspora,20182,P000662093,Melissa,Harmon,harmon@hood.edu,harmon,NULL
P000292852,BIFX 547 01,Web-based BIFX & Apps in Life Sciences,20182,P000057539,Jimmy,Smith,smith@hood.edu,smith,NULL
P000292852,BIFX 545 01,Leadership Skills/Proj Mgmt in Life Science,20182,P000313820,Heidi,Booker,booker@hood.edu,booker,NULL
P000188732,ARAB 102 01,Elementary Arabic II,20182,P000434632,Emily,Coleman,coleman@hood.edu,coleman,NULL
P000188732,ARAB 102 01,Elementary Arabic II,20182,P000434632,Emily,Coleman,coleman@hood.edu,coleman,NULL
P000188732,ARAB 105 01,Arabic Conversation,20182,P000168651,Teresa,Jackson,jackson@hood.edu,jackson,NULL
P000188732,AFAM 251 01,The African Diaspora,20182,P000662093,Melissa,Harmon,harmon@hood.edu,harmon,NULL
P000039921,ARAB 102 01,Elementary Arabic II,20182,P000434632,Emily,Coleman,coleman@hood.edu,coleman,NULL
P000039921,ARAB 102 01,Elementary Arabic II,20182,P000434632,Emily,Coleman,coleman@hood.edu,coleman,NULL
P000039921,BIFX 547 01,Web-based BIFX & Apps in Life Sciences,20182,P000057539,Jimmy,Smith,smith@hood.edu,smith,NULL
P000039921,BIFX 551 01,Programming for Bioinformatics,20182,P000153880,Jacqueline,Webb,webb@hood.edu,webb,NULL
P000039921,BIFX 547 01,Web-based BIFX & Apps in Life Sciences,20182,P000057539,Jimmy,Smith,smith@hood.edu,smith,NULL
P000649502,ARLS 354 01,Mesoamerican Art and Archaeology,20182,P000057539,Jimmy,Smith,smith@hood.edu,smith,NULL
P000649502,ART 250 01,Art of Asia,20182,P000917763,Cindy,Perez,perez@hood.edu,perez,NULL
P000649502,ASL 102 01,American Sign Language II,20182,P000313820,Heidi,Booker,booker@hood.edu,booker,NULL
P000649502,BIFX 501 01,Foundation in Life Sciences,20182,P000168651,Teresa,Jackson,jackson@hood.edu,jackson,NULL
P000649502,BIFX 550 01,Nucleic Acid Seq Analy/Protein Modeling,20182,P000711803,April,Gross,gross@hood.edu,gross,NULL
P000666123,ARAB 105 01,Arabic Conversation,20182,P000168651,Teresa,Jackson,jackson@hood.edu,jackson,NULL
P000666123,AFPS 240 01,African American Politics,20182,P000153880,Jacqueline,Webb,webb@hood.edu,webb,NULL
P000666123,ART 221 01,History of Art II,20182,P000681255,Tina,Shaffer,shaffer@hood.edu,shaffer,NULL
P000666123,ART 331B 01,Mus Sites Cities: Castles/Crowns-Eng/Scot,20182,P000681255,Tina,Shaffer,shaffer@hood.edu,shaffer,NULL
P000666123,BIFX 551 01,Programming for Bioinformatics,20182,P000153880,Jacqueline,Webb,webb@hood.edu,webb,NULL
P000217534,AFPS 240 01,African American Politics,20182,P000153880,Jacqueline,Webb,webb@hood.edu,webb,NULL
P000217534,AFPS 240 01,African American Politics,20182,P000153880,Jacqueline,Webb,webb@hood.edu,webb,NULL
P000217534,ART 213 01,Art History and Humanities,20182,P000252963,Jennifer,Gill,gill@hood.edu,gill,NULL
P000217534,AFHS 251 01,Race and Racism in the United States,20182,P000917763,Cindy,Perez,perez@hood.edu,perez,NULL
P000217534,AFHS 251 01,Race and Racism in the United States,20182,P000917763,Cindy,Perez,perez@hood.edu,perez,NULL
P000356942,BIFX 501 01,Foundation in Life Sciences,20182,P000168651,Teresa,Jackson,jackson@hood.edu,jackson,NULL
P000356942,ART 250 01,Art of Asia,20182,P000917763,Cindy,Perez,perez@hood.edu,perez,NULL
P000356942,BIFX 545 01,Leadership Skills/Proj Mgmt in Life Science,20182,P000313820,Heidi,Booker,booker@hood.edu,booker,NULL
P000356942,ART 360 01,Nineteenth Century Art,20182,P000812837,Charles,Graham,graham@hood.edu,graham,NULL
P000356942,ARLS 354 01,Mesoamerican Art and Archaeology,20182,P000057539,Jimmy,Smith,smith@hood.edu,smith,NULL
P000715148,ARAB 102 01,Elementary Arabic II,20182,P000434632,Emily,Coleman,coleman@hood.edu,coleman,NULL
P000715148,BIFX 545 01,Leadership Skills/Proj Mgmt in Life Science,20182,P000313820,Heidi,Booker,booker@hood.edu,booker,NULL
P000715148,ASL 101 01,American Sign Language I,20182,P000531028,Michele,Shelton,shelton@hood.edu,shelton,NULL
P000715148,BIFX 551 01,Programming for Bioinformatics,20182,P000153880,Jacqueline,Webb,webb@hood.edu,webb,NULL
P000490560,ART 220 01,History of Art I,20182,P000687947,Lisa,Baldwin,baldwin@hood.edu,baldwin,NULL
P000490560,ART 250 01,Art of Asia,20182,P000917763,Cindy,Perez,perez@hood.edu,perez,NULL
P000490560,ART 250 01,Art of Asia,20182,P000917763,Cindy,Perez,perez@hood.edu,perez,NULL
P000490560,BIFX 545 01,Leadership Skills/Proj Mgmt in Life Science,20182,P000313820,Heidi,Booker,booker@hood.edu,booker,NULL
P000253730,ART 308 01,Myths Saints and Symbols,20182,P000711803,April,Gross,gross@hood.edu,gross,NULL
P000253730,ART 213 01,Art History and Humanities,20182,P000252963,Jennifer,Gill,gill@hood.edu,gill,NULL
P000253730,ANTH 201 01,Introduction to Anthropology,20182,P000252963,Jennifer,Gill,gill@hood.edu,gill,NULL
P000253730,BIFX 550 01,Nucleic Acid Seq Analy/Protein Modeling,20182,P000711803,April,Gross,gross@hood.edu,gross,NULL
P000659926,ASL 101 01,American Sign Language I,20182,P000531028,Michele,Shelton,shelton@hood.edu,shelton,NULL
P000659926,ART 308 01,Myths Saints and Symbols,20182,P000711803,April,Gross,gross@hood.edu,gross,NULL
P000659926,ART 220 01,History of Art I,20182,P000687947,Lisa,Baldwin,baldwin@hood.edu,baldwin,NULL
P000659926,BIFX 550 01,Nucleic Acid Seq Analy/Protein Modeling,20182,P000711803,April,Gross,gross@hood.edu,gross,NULL
P000659926,ART 250 01,Art of Asia,20182,P000917763,Cindy,Perez,perez@hood.edu,perez,NULL
P000397940,AFHS 251 01,Race and Racism in the United States,20182,P000917763,Cindy,Perez,perez@hood.edu,perez,NULL
P000397940,ART 308 01,Myths Saints and Symbols,20182,P000711803,April,Gross,gross@hood.edu,gross,NULL
P000397940,ARAB 102 01,Elementary Arabic II,20182,P000434632,Emily,Coleman,coleman@hood.edu,coleman,NULL
P000397940,AFAM 251 01,The African Diaspora,20182,P000662093,Melissa,Harmon,harmon@hood.edu,harmon,NULL
P000363870,ARTS 564 01,Aesthetics and Criticism,20182,P000825275,Julie,Burgess,burgess@hood.edu,burgess,NULL
P000363870,BIFX 546 01,Knowledge Reasoning/Machine Learning,20182,P000066709,Anthony,Patterson,patterson@hood.edu,patterson,NULL
P000363870,ART 306 01,Writing for Art and Archaeology,20182,P000263439,Kevin,Avery,avery@hood.edu,avery,NULL
P000363870,BIFX 546 01,Knowledge Reasoning/Machine Learning,20182,P000066709,Anthony,Patterson,patterson@hood.edu,patterson,NULL
P000788422,ART 308 01,Myths Saints and Symbols,20182,P000711803,April,Gross,gross@hood.edu,gross,NULL
P000788422,ART 360 01,Nineteenth Century Art,20182,P000812837,Charles,Graham,graham@hood.edu,graham,NULL
P000788422,ART 308 01,Myths Saints and Symbols,20182,P000711803,April,Gross,gross@hood.edu,gross,NULL
P000788422,ART 299G 01,Special Topic: Art of Three Faiths,20182,P000812837,Charles,Graham,graham@hood.edu,graham,NULL
P000008525,ARAB 105 01,Arabic Conversation,20182,P000168651,Teresa,Jackson,jackson@hood.edu,jackson,NULL
P000008525,AFPS 240 01,African American Politics,20182,P000153880,Jacqueline,Webb,webb@hood.edu,webb,NULL
P000008525,ARAB 202 01,Intermediate Arabic II,20182,P000662093,Melissa,Harmon,harmon@hood.edu,harmon,NULL
P000008525,ART 331B 01,Mus Sites Cities: Castles/Crowns-Eng/Scot,20182,P000681255,Tina,Shaffer,shaffer@hood.edu,shaffer,NULL
P000481916,BIFX 547 01,Web-based BIFX & Apps in Life Sciences,20182,P000057539,Jimmy,Smith,smith@hood.edu,smith,NULL
P000481916,BIFX 546 01,Knowledge Reasoning/Machine Learning,20182,P000066709,Anthony,Patterson,patterson@hood.edu,patterson,NULL
P000481916,BIFX 551 01,Programming for Bioinformatics,20182,P000153880,Jacqueline,Webb,webb@hood.edu,webb,NULL
P000481916,ART 306 01,Writing for Art and Archaeology,20182,P000263439,Kevin,Avery,avery@hood.edu,avery,NULL
P000771665,ARTS 564 01,Aesthetics and Criticism,20182,P000825275,Julie,Burgess,burgess@hood.edu,burgess,NULL
P000771665,ART 299G 01,Special Topic: Art of Three Faiths,20182,P000812837,Charles,Graham,graham@hood.edu,graham,NULL
P000771665,BIFX 547 01,Web-based BIFX & Apps in Life Sciences,20182,P000057539,Jimmy,Smith,smith@hood.edu,smith,NULL
P000771665,ART 213 01,Art History and Humanities,20182,P000252963,Jennifer,Gill,gill@hood.edu,gill,NULL
P000044492,ART 250 01,Art of Asia,20182,P000917763,Cindy,Perez,perez@hood.edu,perez,NULL
P000044492,ARAB 202 01,Intermediate Arabic II,20182,P000662093,Melissa,Harmon,harmon@hood.edu,harmon,NULL
P000044492,ART 308 01,Myths Saints and Symbols,20182,P000711803,April,Gross,gross@hood.edu,gross,NULL
P000044492,ARAB 202 01,Intermediate Arabic II,20182,P000662093,Melissa,Harmon,harmon@hood.edu,harmon,NULL
P000044492,ARAB 105 01,Arabic Conversation,20182,P000168651,Teresa,Jackson,jackson@hood.edu,jackson,NULL
P000331886,ARAB 102 01,Elementary Arabic II,20182,P000434632,Emily,Coleman,coleman@hood.edu,coleman,NULL
P000331886,BIFX 547 01,Web-based BIFX & Apps in Life Sciences,20182,P000057539,Jimmy,Smith,smith@hood.edu,smith,NULL
P000331886,ART 221 01,History of Art II,20182,P000681255,Tina,Shaffer,shaffer@hood.edu,shaffer,NULL
P000331886,ART 220 01,History of Art I,20182,P000687947,Lisa,Baldwin,baldwin@hood.edu,baldwin,NULL
P000700741,AFAM 251 01,The African Diaspora,20182,P000662093,Melissa,Harmon,harmon@hood.edu,harmon,NULL
P000700741,AFAM 251 01,The African Diaspora,20182,P000662093,Melissa,Harmon,harmon@hood.edu,harmon,NULL
P000700741,AFAM 251 01,The African Diaspora,20182,P000662093,Melissa,Harmon,harmon@hood.edu,harmon,NULL
P000700741,ARAB 102 01,Elementary Arabic II,20182,P000434632,Emily,Coleman,coleman@hood.edu,coleman,NULL
P000700741,ART 250 01,Art of Asia,20182,P000917763,Cindy,Perez,perez@hood.edu,perez,NULL
P000290203,ART 308 01,Myths Saints and Symbols,20182,P000711803,April,Gross,gross@hood.edu,gross,NULL
P000290203,AFHS 251 01,Race and Racism in the United States,20182,P000917763,Cindy,Perez,perez@hood.edu,perez,NULL
P000290203,ART 221 01,History of Art II,20182,P000681255,Tina,Shaffer,shaffer@hood.edu,shaffer,NULL
P000290203,ART 220 01,History of Art I,20182,P000687947,Lisa,Baldwin,baldwin@hood.edu,baldwin,NULL
P000290203,BIFX 551 01,Programming for Bioinformatics,20182,P000153880,Jacqueline,Webb,webb@hood.edu,webb,NULL
P000261721,ART 299G 01,Special Topic: Art of Three Faiths,20182,P000812837,Charles,Graham,graham@hood.edu,graham,NULL
P000261721,BIFX 550 01,Nucleic Acid Seq Analy/Protein Modeling,20182,P000711803,April,Gross,gross@hood.edu,gross,NULL
P000261721,ART 250 01,Art of Asia,20182,P000917763,Cindy,Perez,perez@hood.edu,perez,NULL
P000261721,ARAB 102 01,Elementary Arabic II,20182,P000434632,Emily,Coleman,coleman@hood.edu,coleman,NULL
P000989479,BIFX 545 01,Leadership Skills/Proj Mgmt in Life Science,20182,P000313820,Heidi,Booker,booker@hood.edu,booker,NULL
P000989479,BIFX 501 01,Foundation in Life Sciences,20182,P000168651,Teresa,Jackson,jackson@hood.edu,jackson,NULL
P000989479,ANTH 201 01,Introduction to Anthropology,20182,P000252963,Jennifer,Gill,gill@hood.edu,gill,NULL
P000989479,BIFX 501 01,Foundation in Life Sciences,20182,P000168651,Teresa,Jackson,jackson@hood.edu,jackson,NULL
P000989479,ART 220 01,History of Art I,20182,P000687947,Lisa,Baldwin,baldwin@hood.edu,baldwin,NULL
P000345068,AFAM 251 01,The African Diaspora,20182,P000662093,Melissa,Harmon,harmon@hood.edu,harmon,NULL
P000345068,ART 250 01,Art of Asia,20182,P000917763,Cindy,Perez,perez@hood.edu,perez,NULL
P000345068,ARAB 202 01,Intermediate Arabic II,20182,P000662093,Melissa,Harmon,harmon@hood.edu,harmon,NULL
P000345068,BIFX 550 01,Nucleic Acid Seq Analy/Protein Modeling,20182,P000711803,April,Gross,gross@hood.edu,gross,NULL
P000345068,BIFX 551 01,Programming for Bioinformatics,20182,P000153880,Jacqueline,Webb,webb@hood.edu,webb,NULL
P000030159,ART 250 01,Art of Asia,20182,P000917763,Cindy,Perez,perez@hood.edu,perez,NULL
P000030159,AFAM 251 01,The African Diaspora,20182,P000662093,Melissa,Harmon,harmon@hood.edu,harmon,NULL
P000030159,ARAB 105 01,Arabic Conversation,20182,P000168651,Teresa,Jackson,jackson@hood.edu,jackson,NULL
P000030159,ARAB 105 01,Arabic Conversation,20182,P000168651,Teresa,Jackson,jackson@hood.edu,jackson,NULL
P000030159,ARAB 202 01,Intermediate Arabic II,20182,P000662093,Melissa,Harmon,harmon@hood.edu,harmon,NULL
P000747198,ASL 101 01,American Sign Language I,20182,P000531028,Michele,Shelton,shelton@hood.edu,shelton,NULL
P000747198,BIFX 545 01,Leadership Skills/Proj Mgmt in Life Science,20182,P000313820,Heidi,Booker,booker@hood.edu,booker,NULL
P000747198,ARAB 202 01,Intermediate Arabic II,20182,P000662093,Melissa,Harmon,harmon@hood.edu,harmon,NULL
P000747198,ARAB 102 01,Elementary Arabic II,20182,P000434632,Emily,Coleman,coleman@hood.edu,coleman,NULL
P000745491,BIFX 547 01,Web-based BIFX & Apps in Life Sciences,20182,P000057539,Jimmy,Smith,smith@hood.edu,smith,NULL
P000745491,BIFX 501 01,Foundation in Life Sciences,20182,P000168651,Teresa,Jackson,jackson@hood.edu,jackson,NULL
P000745491,ARAB 202 01,Intermediate Arabic II,20182,P000662093,Melissa,Harmon,harmon@hood.edu,harmon,NULL
P000745491,ART 250 01,Art of Asia,20182,P000917763,Cindy,Perez,perez@hood.edu,perez,NULL
P000745491,ART 360 01,Nineteenth Century Art,20182,P000812837,Charles,Graham,graham@hood.edu,graham,NULL
P000267525,ART 213 01,Art History and Humanities,20182,P000252963,Jennifer,Gill,gill@hood.edu,gill,NULL
P000267525,ART 331B 01,Mus Sites Cities: Castles/Crowns-Eng/Scot,20182,P000681255,Tina,Shaffer,shaffer@hood.edu,shaffer,NULL
P000267525,BIFX 547 01,Web-based BIFX & Apps in Life Sciences,20182,P000057539,Jimmy,Smith,smith@hood.edu,smith,NULL
P000267525,ASL 102 01,American Sign Language II,20182,P000313820,Heidi,Booker,booker@hood.edu,booker,NULL
P000568137,ARAB 202 01,Intermediate Arabic II,20182,P000662093,Melissa,Harmon,harmon@hood.edu,harmon,NULL
P000568137,BIFX 546 01,Knowledge Reasoning/Machine Learning,20182,P000066709,Anthony,Patterson,patterson@hood.edu,patterson,NULL
P000568137,ARLS 354 01,Mesoamerican Art and Archaeology,20182,P000057539,Jimmy,Smith,smith@hood.edu,smith,NULL
P000568137,AFAM 251 01,The African Diaspora,20182,P000662093,Melissa,Harmon,harmon@hood.edu,harmon,NULL
P000568137,BIFX 550 01,Nucleic Acid Seq Analy/Protein Modeling,20182,P000711803,April,Gross,gross@hood.edu,gross,NULL
P000237843,ART 331B 01,Mus Sites Cities: Castles/Crowns-Eng/Scot,20182,P000681255,Tina,Shaffer,shaffer@hood.edu,shaffer,NULL
P000237843,BIFX 501 01,Foundation in Life Sciences,20182,P000168651,Teresa,Jackson,jackson@hood.edu,jackson,NULL
P000237843,ART 221 01,History of Art II,20182,P000681255,Tina,Shaffer,shaffer@hood.edu,shaffer,NULL
P000237843,BIFX 501 01,Foundation in Life Sciences,20182,P000168651,Teresa,Jackson,jackson@hood.edu,jackson,NULL
P000719244,ART 220 01,History of Art I,20182,P000687947,Lisa,Baldwin,baldwin@hood.edu,baldwin,NULL
P000719244,BIFX 546 01,Knowledge Reasoning/Machine Learning,20182,P000066709,Anthony,Patterson,patterson@hood.edu,patterson,NULL
P000719244,BIFX 550 01,Nucleic Acid Seq Analy/Protein Modeling,20182,P000711803,April,Gross,gross@hood.edu,gross,NULL
P000719244,ARAB 105 01,Arabic Conversation,20182,P000168651,Teresa,Jackson,jackson@hood.edu,jackson,NULL
P000719244,AFPS 240 01,African American Politics,20182,P000153880,Jacqueline,Webb,webb@hood.edu,webb,NULL
P000506087,BIFX 546 01,Knowledge Reasoning/Machine Learning,20182,P000066709,Anthony,Patterson,patterson@hood.edu,patterson,NULL
P000506087,BIFX 545 01,Leadership Skills/Proj Mgmt in Life Science,20182,P000313820,Heidi,Booker,booker@hood.edu,booker,NULL
P000506087,ART 331B 01,Mus Sites Cities: Castles/Crowns-Eng/Scot,20182,P000681255,Tina,Shaffer,shaffer@hood.edu,shaffer,NULL
P000506087,ART 331B 01,Mus Sites Cities: Castles/Crowns-Eng/Scot,20182,P000681255,Tina,Shaffer,shaffer@hood.edu,shaffer,NULL
P000286003,ART 213 01,Art History and Humanities,20182,P000252963,Jennifer,Gill,gill@hood.edu,gill,NULL
P000286003,AFAM 251 01,The African Diaspora,20182,P000662093,Melissa,Harmon,harmon@hood.edu,harmon,NULL
P000286003,ART 331B 01,Mus Sites Cities: Castles/Crowns-Eng/Scot,20182,P000681255,Tina,Shaffer,shaffer@hood.edu,shaffer,NULL
P000286003,ARAB 102 01,Elementary Arabic II,20182,P000434632,Emily,Coleman,coleman@hood.edu,coleman,NULL
P000454305,ARTS 564 01,Aesthetics and Criticism,20182,P000825275,Julie,Burgess,burgess@hood.edu,burgess,NULL
P000454305,ART 299G 01,Special Topic: Art of Three Faiths,20182,P000812837,Charles,Graham,graham@hood.edu,graham,NULL
P000454305,BIFX 545 01,Leadership Skills/Proj Mgmt in Life Science,20182,P000313820,Heidi,Booker,booker@hood.edu,booker,NULL
P000454305,AFHS 251 01,Race and Racism in the United States,20182,P000917763,Cindy,Perez,perez@hood.edu,perez,NULL
P000454305,ARTS 564 01,Aesthetics and Criticism,20182,P000825275,Julie,Burgess,burgess@hood.edu,burgess,NULL
P000810057,ARTS 564 01,Aesthetics and Criticism,20182,P000825275,Julie,Burgess,burgess@hood.edu,burgess,NULL
P000810057,ART 299G 01,Special Topic: Art of Three Faiths,20182,P000812837,Charles,Graham,graham@hood.edu,graham,NULL
P000810057,AFPS 240 01,African American Politics,20182,P000153880,Jacqueline,Webb,webb@hood.edu,webb,NULL
P000810057,ARAB 102 01,Elementary Arabic II,20182,P000434632,Emily,Coleman,coleman@hood.edu,coleman,NULL
P000748755,BIFX 546 01,Knowledge Reasoning/Machine Learning,20182,P000066709,Anthony,Patterson,patterson@hood.edu,patterson,NULL
P000748755,AFPS 240 01,African American Politics,20182,P000153880,Jacqueline,Webb,webb@hood.edu,webb,NULL
P000748755,BIFX 547 01,Web-based BIFX & Apps in Life Sciences,20182,P000057539,Jimmy,Smith,smith@hood.edu,smith,NULL
P000748755,ART 331B 01,Mus Sites Cities: Castles/Crowns-Eng/Scot,20182,P000681255,Tina,Shaffer,shaffer@hood.edu,shaffer,NULL
P000748755,AFHS 251 01,Race and Racism in the United States,20182,P000917763,Cindy,Perez,perez@hood.edu,perez,NULL
P000090506,ARTS 564 01,Aesthetics and Criticism,20182,P000825275,Julie,Burgess,burgess@hood.edu,burgess,NULL
P000090506,BIFX 547 01,Web-based BIFX & Apps in Life Sciences,20182,P000057539,Jimmy,Smith,smith@hood.edu,smith,NULL
P000090506,BIFX 501 01,Foundation in Life Sciences,20182,P000168651,Teresa,Jackson,jackson@hood.edu,jackson,NULL
P000090506,ART 306 01,Writing for Art and Archaeology,20182,P000263439,Kevin,Avery,avery@hood.edu,avery,NULL
P000090506,ART 299G 01,Special Topic: Art of Three Faiths,20182,P000812837,Charles,Graham,graham@hood.edu,graham,NULL
P000491571,ANTH 201 01,Introduction to Anthropology,20182,P000252963,Jennifer,Gill,gill@hood.edu,gill,NULL
P000491571,ASL 101 01,American Sign Language I,20182,P000531028,Michele,Shelton,shelton@hood.edu,shelton,NULL
P000491571,AFHS 251 01,Race and Racism in the United States,20182,P000917763,Cindy,Perez,perez@hood.edu,perez,NULL
P000491571,ARTS 564 01,Aesthetics and Criticism,20182,P000825275,Julie,Burgess,burgess@hood.edu,burgess,NULL
P000737878,ARAB 202 01,Intermediate Arabic II,20182,P000662093,Melissa,Harmon,harmon@hood.edu,harmon,NULL
P000737878,BIFX 546 01,Knowledge Reasoning/Machine Learning,20182,P000066709,Anthony,Patterson,patterson@hood.edu,patterson,NULL
P000737878,ART 250 01,Art of Asia,20182,P000917763,Cindy,Perez,perez@hood.edu,perez,NULL
P000737878,ASL 101 01,American Sign Language I,20182,P000531028,Michele,Shelton,shelton@hood.edu,shelton,NULL
P000737878,ART 331B 01,Mus Sites Cities: Castles/Crowns-Eng/Scot,20182,P000681255,Tina,Shaffer,shaffer@hood.edu,shaffer,NULL
P000633681,BIFX 545 01,Leadership Skills/Proj Mgmt in Life Science,20182,P000313820,Heidi,Booker,booker@hood.edu,booker,NULL
P000633681,AFAM 251 01,The African Diaspora,20182,P000662093,Melissa,Harmon,harmon@hood.edu,harmon,NULL
P000633681,ARTS 564 01,Aesthetics and Criticism,20182,P000825275,Julie,Burgess,burgess@hood.edu,burgess,NULL
P000633681,BIFX 550 01,Nucleic Acid Seq Analy/Protein Modeling,20182,P000711803,April,Gross,gross@hood.edu,gross,NULL
P000558847,ART 213 01,Art History and Humanities,20182,P000252963,Jennifer,Gill,gill@hood.edu,gill,NULL
P000558847,ARAB 102 01,Elementary Arabic II,20182,P000434632,Emily,Coleman,coleman@hood.edu,coleman,NULL
P000558847,ASL 102 01,American Sign Language II,20182,P000313820,Heidi,Booker,booker@hood.edu,booker,NULL
P000558847,AFPS 240 01,African American Politics,20182,P000153880,Jacqueline,Webb,webb@hood.edu,webb,NULL
P000362493,ARAB 102 01,Elementary Arabic II,20182,P000434632,Emily,Coleman,coleman@hood.edu,coleman,NULL
P000362493,ARAB 202 01,Intermediate Arabic II,20182,P000662093,Melissa,Harmon,harmon@hood.edu,harmon,NULL
P000362493,ART 250 01,Art of Asia,20182,P000917763,Cindy,Perez,perez@hood.edu,perez,NULL
P000362493,BIFX 550 01,Nucleic Acid Seq Analy/Protein Modeling,20182,P000711803,April,Gross,gross@hood.edu,gross,NULL
P000555481,ART 221 01,History of Art II,20182,P000681255,Tina,Shaffer,shaffer@hood.edu,shaffer,NULL
P000555481,BIFX 545 01,Leadership Skills/Proj Mgmt in Life Science,20182,P000313820,Heidi,Booker,booker@hood.edu,booker,NULL
P000555481,ASL 101 01,American Sign Language I,20182,P000531028,Michele,Shelton,shelton@hood.edu,shelton,NULL
P000555481,ART 331B 01,Mus Sites Cities: Castles/Crowns-Eng/Scot,20182,P000681255,Tina,Shaffer,shaffer@hood.edu,shaffer,NULL
P000932855,ART 250 01,Art of Asia,20182,P000917763,Cindy,Perez,perez@hood.edu,perez,NULL
P000932855,AFAM 251 01,The African Diaspora,20182,P000662093,Melissa,Harmon,harmon@hood.edu,harmon,NULL
P000932855,ARLS 354 01,Mesoamerican Art and Archaeology,20182,P000057539,Jimmy,Smith,smith@hood.edu,smith,NULL
P000932855,ART 250 01,Art of Asia,20182,P000917763,Cindy,Perez,perez@hood.edu,perez,NULL
P000932855,BIFX 547 01,Web-based BIFX & Apps in Life Sciences,20182,P000057539,Jimmy,Smith,smith@hood.edu,smith,NULL
P000943275,ART 250 01,Art of Asia,20182,P000917763,Cindy,Perez,perez@hood.edu,perez,NULL
P000943275,ART 220 01,History of Art I,20182,P000687947,Lisa,Baldwin,baldwin@hood.edu,baldwin,NULL
P000943275,ART 221 01,History of Art II,20182,P000681255,Tina,Shaffer,shaffer@hood.edu,shaffer,NULL
P000943275,BIFX 545 01,Leadership Skills/Proj Mgmt in Life Science,20182,P000313820,Heidi,Booker,booker@hood.edu,booker,NULL
P000844193,ART 213 01,Art History and Humanities,20182,P000252963,Jennifer,Gill,gill@hood.edu,gill,NULL
P000844193,ARAB 202 01,Intermediate Arabic II,20182,P000662093,Melissa,Harmon,harmon@hood.edu,harmon,NULL
P000844193,BIFX 547 01,Web-based BIFX & Apps in Life Sciences,20182,P000057539,Jimmy,Smith,smith@hood.edu,smith,NULL
P000844193,ART 306 01,Writing for Art and Archaeology,20182,P000263439,Kevin,Avery,avery@hood.edu,avery,NULL
P000431959,BIFX 550 01,Nucleic Acid Seq Analy/Protein Modeling,20182,P000711803,April,Gross,gross@hood.edu,gross,NULL
P000431959,BIFX 546 01,Knowledge Reasoning/Machine Learning,20182,P000066709,Anthony,Patterson,patterson@hood.edu,patterson,NULL
P000431959,ART 213 01,Art History and Humanities,20182,P000252963,Jennifer,Gill,gill@hood.edu,gill,NULL
P000431959,ART 360 01,Nineteenth Century Art,20182,P000812837,Charles,Graham,graham@hood.edu,graham,NULL
P000092474,BIFX 546 01,Knowledge Reasoning/Machine Learning,20182,P000066709,Anthony,Patterson,patterson@hood.edu,patterson,NULL
P000092474,ART 213 01,Art History and Humanities,20182,P000252963,Jennifer,Gill,gill@hood.edu,gill,NULL
P000092474,ART 360 01,Nineteenth Century Art,20182,P000812837,Charles,Graham,graham@hood.edu,graham,NULL
P000092474,ART 213 01,Art History and Humanities,20182,P000252963,Jennifer,Gill,gill@hood.edu,gill,NULL
P000092474,ARAB 202 01,Intermediate Arabic II,20182,P000662093,Melissa,Harmon,harmon@hood.edu,harmon,NULL
P000391071,ARAB 102 01,Elementary Arabic II,20182,P000434632,Emily,Coleman,coleman@hood.edu,coleman,NULL
P000391071,BIFX 551 01,Programming for Bioinformatics,20182,P000153880,Jacqueline,Webb,webb@hood.edu,webb,NULL
P000391071,BIFX 545 01,Leadership Skills/Proj Mgmt in Life Science,20182,P000313820,Heidi,Booker,booker@hood.edu,booker,NULL
P000391071,ART 306 01,Writing for Art and Archaeology,20182,P000263439,Kevin,Avery,avery@hood.edu,avery,NULL
P000072391,AFPS 240 01,African American Politics,20182,P000153880,Jacqueline,Webb,webb@hood.edu,webb,NULL
P000072391,ART 213 01,Art History and Humanities,20182,P000252963,Jennifer,Gill,gill@hood.edu,gill,NULL
P000072391,ART 299G 01,Special Topic: Art of Three Faiths,20182,P000812837,Charles,Graham,graham@hood.edu,graham,NULL
P000072391,BIFX 551 01,Programming for Bioinformatics,20182,P000153880,Jacqueline,Webb,webb@hood.edu,webb,NULL
P000072391,ART 306 01,Writing for Art and Archaeology,20182,P000263439,Kevin,Avery,avery@hood.edu,avery,NULL
P000983480,ART 360 01,Nineteenth Century Art,20182,P000812837,Charles,Graham,graham@hood.edu,graham,NULL
P000983480,BIFX 545 01,Leadership Skills/Proj Mgmt in Life Science,20182,P000313820,Heidi,Booker,booker@hood.edu,booker,NULL
P000983480,BIFX 547 01,Web-based BIFX & Apps in Life Sciences,20182,P000057539,Jimmy,Smith,smith@hood.edu,smith,NULL
P000983480,BIFX 545 01,Leadership Skills/Proj Mgmt in Life Science,20182,P000313820,Heidi,Booker,booker@hood.edu,booker,NULL
P000983480,ASL 101 01,American Sign Language I,20182,P000531028,Michele,Shelton,shelton@hood.edu,shelton,NULL
P000000399,ART 306 01,Writing for Art and Archaeology,20182,P000263439,Kevin,Avery,avery@hood.edu,avery,NULL
P000000399,AFHS 251 01,Race and Racism in the United States,20182,P000917763,Cindy,Perez,perez@hood.edu,perez,NULL
P000000399,ART 308 01,Myths Saints and Symbols,20182,P000711803,April,Gross,gross@hood.edu,gross,NULL
P000000399,ART 360 01,Nineteenth Century Art,20182,P000812837,Charles,Graham,graham@hood.edu,graham,NULL
P000000399,AFAM 251 01,The African Diaspora,20182,P000662093,Melissa,Harmon,harmon@hood.edu,harmon,NULL
P000064733,ANTH 201 01,Introduction to Anthropology,20182,P000252963,Jennifer,Gill,gill@hood.edu,gill,NULL
P000064733,ARLS 354 01,Mesoamerican Art and Archaeology,20182,P000057539,Jimmy,Smith,smith@hood.edu,smith,NULL
P000064733,ART 360 01,Nineteenth Century Art,20182,P000812837,Charles,Graham,graham@hood.edu,graham,NULL
P000064733,ARAB 102 01,Elementary Arabic II,20182,P000434632,Emily,Coleman,coleman@hood.edu,coleman,NULL
P000452826,BIFX 550 01,Nucleic Acid Seq Analy/Protein Modeling,20182,P000711803,April,Gross,gross@hood.edu,gross,NULL
P000452826,ARTS 564 01,Aesthetics and Criticism,20182,P000825275,Julie,Burgess,burgess@hood.edu,burgess,NULL
P000452826,ART 360 01,Nineteenth Century Art,20182,P000812837,Charles,Graham,graham@hood.edu,graham,NULL
P000452826,ART 299G 01,Special Topic: Art of Three Faiths,20182,P000812837,Charles,Graham,graham@hood.edu,graham,NULL
P000452826,BIFX 501 01,Foundation in Life Sciences,20182,P000168651,Teresa,Jackson,jackson@hood.edu,jackson,NULL
P000533097,BIFX 545 01,Leadership Skills/Proj Mgmt in Life Science,20182,P000313820,Heidi,Booker,booker@hood.edu,booker,NULL
P000533097,ARAB 102 01,Elementary Arabic II,20182,P000434632,Emily,Coleman,coleman@hood.edu,coleman,NULL
P000533097,ASL 102 01,American Sign Language II,20182,P000313820,Heidi,Booker,booker@hood.edu,booker,NULL
P000533097,BIFX 550 01,Nucleic Acid Seq Analy/Protein Modeling,20182,P000711803,April,Gross,gross@hood.edu,gross,NULL
P000004604,ARLS 354 01,Mesoamerican Art and Archaeology,20182,P000057539,Jimmy,Smith,smith@hood.edu,smith,NULL
P000004604,ARLS 354 01,Mesoamerican Art and Archaeology,20182,P000057539,Jimmy,Smith,smith@hood.edu,smith,NULL
P000004604,BIFX 550 01,Nucleic Acid Seq Analy/Protein Modeling,20182,P000711803,April,Gross,gross@hood.edu,gross,NULL
P000004604,AFAM 251 01,The African Diaspora,20182,P000662093,Melissa,Harmon,harmon@hood.edu,harmon,NULL
P000454045,ART 331B 01,Mus Sites Cities: Castles/Crowns-Eng/Scot,20182,P000681255,Tina,Shaffer,shaffer@hood.edu,shaffer,NULL
P000454045,ARAB 202 01,Intermediate Arabic II,20182,P000662093,Melissa,Harmon,harmon@hood.edu,harmon,NULL
P000454045,BIFX 550 01,Nucleic Acid Seq Analy/Protein Modeling,20182,P000711803,April,Gross,gross@hood.edu,gross,NULL
P000454045,BIFX 501 01,Foundation in Life Sciences,20182,P000168651,Teresa,Jackson,jackson@hood.edu,jackson,NULL
P000656511,ART 220 01,History of Art I,20182,P000687947,Lisa,Baldwin,baldwin@hood.edu,baldwin,NULL
P000656511,ART 299G 01,Special Topic: Art of Three Faiths,20182,P000812837,Charles,Graham,graham@hood.edu,graham,NULL
P000656511,AFHS 251 01,Race and Racism in the United States,20182,P000917763,Cindy,Perez,perez@hood.edu,perez,NULL
P000656511,ARTS 564 01,Aesthetics and Criticism,20182,P000825275,Julie,Burgess,burgess@hood.edu,burgess,NULL
P000166033,ART 213 01,Art History and Humanities,20182,P000252963,Jennifer,Gill,gill@hood.edu,gill,NULL
P000166033,BIFX 551 01,Programming for Bioinformatics,20182,P000153880,Jacqueline,Webb,webb@hood.edu,webb,NULL
P000166033,ARAB 105 01,Arabic Conversation,20182,P000168651,Teresa,Jackson,jackson@hood.edu,jackson,NULL
P000166033,BIFX 545 01,Leadership Skills/Proj Mgmt in Life Science,20182,P000313820,Heidi,Booker,booker@hood.edu,booker,NULL
P000166033,AFPS 240 01,African American Politics,20182,P000153880,Jacqueline,Webb,webb@hood.edu,webb,NULL
P000332241,ARLS 354 01,Mesoamerican Art and Archaeology,20182,P000057539,Jimmy,Smith,smith@hood.edu,smith,NULL
P000332241,ARTS 564 01,Aesthetics and Criticism,20182,P000825275,Julie,Burgess,burgess@hood.edu,burgess,NULL
P000332241,ARTS 564 01,Aesthetics and Criticism,20182,P000825275,Julie,Burgess,burgess@hood.edu,burgess,NULL
P000332241,BIFX 550 01,Nucleic Acid Seq Analy/Protein Modeling,20182,P000711803,April,Gross,gross@hood.edu,gross,NULL
P000332241,ART 306 01,Writing for Art and Archaeology,20182,P000263439,Kevin,Avery,avery@hood.edu,avery,NULL
P000857736,ART 308 01,Myths Saints and Symbols,20182,P000711803,April,Gross,gross@hood.edu,gross,NULL
P000566286,ARAB 102 01,Elementary Arabic II,20182,P000434632,Emily,Coleman,coleman@hood.edu,coleman,NULL
P000602916,ARTS 564 01,Aesthetics and Criticism,20182,P000825275,Julie,Burgess,burgess@hood.edu,burgess,NULL
P000602916,BIFX 550 01,Nucleic Acid Seq Analy/Protein Modeling,20182,P000711803,April,Gross,gross@hood.edu,gross,NULL
P000602916,ASL 101 01,American Sign Language I,20182,P000531028,Michele,Shelton,shelton@hood.edu,shelton,NULL
P000970908,AFAM 251 01,The African Diaspora,20182,P000662093,Melissa,Harmon,harmon@hood.edu,harmon,NULL
P000389845,BIFX 551 01,Programming for Bioinformatics,20182,P000153880,Jacqueline,Webb,webb@hood.edu,webb,NULL
P000389845,ARTS 564 01,Aesthetics and Criticism,20182,P000825275,Julie,Burgess,burgess@hood.edu,burgess,NULL
P000389845,ARTS 564 01,Aesthetics and Criticism,20182,P000825275,Julie,Burgess,burgess@hood.edu,burgess,NULL
P000404739,ART 221 01,History of Art II,20182,P000681255,Tina,Shaffer,shaffer@hood.edu,shaffer,NULL
P000682463,BIFX 551 01,Programming for Bioinformatics,20182,P000153880,Jacqueline,Webb,webb@hood.edu,webb,NULL
P000682463,BIFX 545 01,Leadership Skills/Proj Mgmt in Life Science,20182,P000313820,Heidi,Booker,booker@hood.edu,booker,NULL
P000503188,ARAB 105 01,Arabic Conversation,20182,P000168651,Teresa,Jackson,jackson@hood.edu,jackson,NULL
P000503188,BIFX 501 01,Foundation in Life Sciences,20182,P000168651,Teresa,Jackson,jackson@hood.edu,jackson,NULL
P000676851,ART 221 01,History of Art II,20182,P000681255,Tina,Shaffer,shaffer@hood.edu,shaffer,NULL
P000676851,AFAM 251 01,The African Diaspora,20182,P000662093,Melissa,Harmon,harmon@hood.edu,harmon,NULL
P000676851,ART 308 01,Myths Saints and Symbols,20182,P000711803,April,Gross,gross@hood.edu,gross,NULL
P000284513,ARAB 202 01,Intermediate Arabic II,20182,P000662093,Melissa,Harmon,harmon@hood.edu,harmon,NULL
P000284513,ART 299G 01,Special Topic: Art of Three Faiths,20182,P000812837,Charles,Graham,graham@hood.edu,graham,NULL
P000715161,ASL 101 01,American Sign Language I,20182,P000531028,Michele,Shelton,shelton@hood.edu,shelton,NULL
